{
  "bm25": {
    "n": 500,
    "recall@10": 0.444,
    "mrr": 0.2875428571428572,
    "latency_ms": {
      "cold_p50": 1.941049995366484,
      "cold_p95": 3.7980550201609744,
      "warm_p50": 1.948899996932596,
      "warm_p95": 3.846304997568949
    },
    "passes_latency_50ms": true,
    "stratified": {
      "by_query_length": {
        "short_lt5": {
          "n": 13,
          "recall@10": 0.15384615384615385,
          "mrr": 0.0923076923076923
        },
        "medium_5_15": {
          "n": 403,
          "recall@10": 0.4317617866004963,
          "mrr": 0.283590334396786
        },
        "long_gt15": {
          "n": 84,
          "recall@10": 0.5476190476190477,
          "mrr": 0.3367205215419501
        }
      },
      "by_gold_doc_length": {
        "long_doc_threshold_words": 270.0,
        "gold_in_top10pct_longest": {
          "n": 185,
          "recall@10": 0.4972972972972973,
          "mrr": 0.34570356070356073
        },
        "rest": {
          "n": 315,
          "recall@10": 0.4126984126984127,
          "mrr": 0.2533849836230789
        }
      }
    },
    "search_config": {
      "method": "default"
    },
    "ram_mb": {
      "baseline": 511.5,
      "after_load": 623.6,
      "index_delta": 112.1
    }
  },
  "dense": {
    "n": 500,
    "recall@10": 0.652,
    "mrr": 0.469765873015873,
    "latency_ms": {
      "cold_p50": 6.824599986430258,
      "cold_p95": 12.803044983593296,
      "warm_p50": 7.052100001601502,
      "warm_p95": 10.580359990126453
    },
    "passes_latency_50ms": true,
    "stratified": {
      "by_query_length": {
        "short_lt5": {
          "n": 13,
          "recall@10": 0.46153846153846156,
          "mrr": 0.3012820512820513
        },
        "medium_5_15": {
          "n": 403,
          "recall@10": 0.6327543424317618,
          "mrr": 0.45645062822482174
        },
        "long_gt15": {
          "n": 84,
          "recall@10": 0.7738095238095238,
          "mrr": 0.5597222222222222
        }
      },
      "by_gold_doc_length": {
        "long_doc_threshold_words": 270.0,
        "gold_in_top10pct_longest": {
          "n": 185,
          "recall@10": 0.6972972972972973,
          "mrr": 0.5280673530673531
        },
        "rest": {
          "n": 315,
          "recall@10": 0.6253968253968254,
          "mrr": 0.435525321239607
        }
      }
    },
    "search_config": {
      "method": "default"
    },
    "ram_mb": {
      "baseline": 512.3,
      "after_load": 839.7,
      "index_delta": 327.3
    }
  },
  "hybrid": {
    "n": 500,
    "recall@10": 0.658,
    "mrr": 0.48426904761904754,
    "latency_ms": {
      "cold_p50": 10.22969999758061,
      "cold_p95": 13.399724994087592,
      "warm_p50": 10.13190000958275,
      "warm_p95": 15.394994981761553
    },
    "passes_latency_50ms": true,
    "stratified": {
      "by_query_length": {
        "short_lt5": {
          "n": 13,
          "recall@10": 0.46153846153846156,
          "mrr": 0.2571428571428572
        },
        "medium_5_15": {
          "n": 403,
          "recall@10": 0.6401985111662531,
          "mrr": 0.4731084327858522
        },
        "long_gt15": {
          "n": 84,
          "recall@10": 0.7738095238095238,
          "mrr": 0.5729639077853365
        }
      },
      "by_gold_doc_length": {
        "long_doc_threshold_words": 270.0,
        "gold_in_top10pct_longest": {
          "n": 185,
          "recall@10": 0.7081081081081081,
          "mrr": 0.5467331617331618
        },
        "rest": {
          "n": 315,
          "recall@10": 0.6285714285714286,
          "mrr": 0.4475837742504409
        }
      }
    },
    "search_config": {
      "method": "linear",
      "alpha": 0.3
    },
    "ram_mb": {
      "baseline": 510.6,
      "after_load": 886.5,
      "index_delta": 375.9
    }
  }
}